taxID,Organism
24,Shewanella putrefaciens
162,Treponema phagedenis
195,Campylobacter coli
197,Campylobacter jejuni
204,Campylobacter showae
274,Thermus thermophilus
287,Pseudomonas aeruginosa
294,Pseudomonas fluorescens
296,Pseudomonas fragi
301,Pseudomonas oleovorans
303,Pseudomonas putida
316,Stutzerimonas stutzeri
329,Ralstonia pickettii
340,Xanthomonas campestris pv. campestris
358,Agrobacterium tumefaciens
438,Acetobacter pasteurianus
470,Acinetobacter baumannii
483,Neisseria cinerea
484,Neisseria flavescens
485,Neisseria gonorrhoeae
488,Neisseria mucosa
539,Eikenella corrodens
545,Citrobacter koseri
546,Citrobacter freundii
548,Klebsiella aerogenes
549,Pantoea agglomerans
550,Enterobacter cloacae
553,Pantoea ananatis
554,Pectobacterium carotovorum
562,Escherichia coli
563,Shimwellia blattae
564,Escherichia fergusonii
565,Atlantibacter hermannii
569,Hafnia alvei
571,Klebsiella oxytoca
573,Klebsiella pneumoniae
574,Klebsiella pneumoniae subsp. ozaenae
575,Raoultella planticola
577,Raoultella terrigena
582,Morganella morganii
584,Proteus mirabilis
585,Proteus vulgaris
588,Providencia stuartii
595,Salmonella enterica subsp. enterica serovar Infantis
605,Salmonella enterica subsp. enterica serovar Pullorum
614,Serratia liquefaciens
615,Serratia marcescens
621,Shigella boydii
622,Shigella dysenteriae
623,Shigella flexneri
624,Shigella sonnei
630,Yersinia enterocolitica
632,Yersinia pestis
636,Edwardsiella tarda
645,Aeromonas salmonicida
654,Aeromonas veronii
666,Vibrio cholerae
726,Haemophilus haemolyticus
727,Haemophilus influenzae
729,Haemophilus parainfluenzae
730,[Haemophilus] ducreyi
731,Histophilus somni
732,Aggregatibacter aphrophilus
747,Pasteurella multocida
762,Avibacterium volantium
777,Coxiella burnetii
817,Bacteroides fragilis
818,Bacteroides thetaiotaomicron
820,Bacteroides uniformis
823,Parabacteroides distasonis
824,Campylobacter gracilis
837,Porphyromonas gingivalis
847,Oxalobacter formigenes
851,Fusobacterium nucleatum
853,Faecalibacterium prausnitzii
856,Fusobacterium varium
859,Fusobacterium necrophorum
860,Fusobacterium periodonticum
861,Fusobacterium ulcerans
876,Desulfovibrio desulfuricans
897,Desulfococcus multivorans
901,Desulfovibrio piger
907,Megasphaera elsdenii
964,Herbaspirillum seropedicae
1017,Capnocytophaga gingivalis
1019,Capnocytophaga sputigena
1245,Leuconostoc mesenteroides
1246,Leuconostoc lactis
1247,Oenococcus oeni
1249,Weissella paramesenteroides
1252,Leuconostoc carnosum
1254,Pediococcus acidilactici
1255,Pediococcus pentosaceus
1270,Micrococcus luteus
1274,Dermacoccus nishinomiyaensis
1275,Kocuria rosea
1280,Staphylococcus aureus
1281,Staphylococcus carnosus
1282,Staphylococcus epidermidis
1283,Staphylococcus haemolyticus
1288,Staphylococcus xylosus
1290,Staphylococcus hominis
1292,Staphylococcus warneri
1296,Mammaliicoccus sciuri
1302,Streptococcus gordonii
1303,Streptococcus oralis
1304,Streptococcus salivarius
1305,Streptococcus sanguinis
1307,Streptococcus suis
1308,Streptococcus thermophilus
1309,Streptococcus mutans
1310,Streptococcus sobrinus
1311,Streptococcus agalactiae
1313,Streptococcus pneumoniae
1314,Streptococcus pyogenes
1319,Streptococcus sp. 'group B'
1326,Streptococcus acidominimus
1328,Streptococcus anginosus
1329,Streptococcus canis
1334,Streptococcus dysgalactiae
1335,Streptococcus equinus
1338,Streptococcus intermedius
1340,Streptococcus porcinus
1343,Streptococcus vestibularis
1345,Streptococcus ferus
1348,Streptococcus parauberis
1349,Streptococcus uberis
1351,Enterococcus faecalis
1352,Enterococcus faecium
1353,Enterococcus gallinarum
1354,Enterococcus hirae
1358,Lactococcus lactis
1359,Lactococcus cremoris
1360,Lactococcus lactis subsp. lactis
1363,Lactococcus garvieae
1366,Lactococcus raffinolactis
1376,Aerococcus urinae
1377,Aerococcus viridans
1379,Gemella haemolysans
1392,Bacillus anthracis
1394,[Bacillus] caldolyticus
1396,Bacillus cereus
1397,Niallia circulans
1398,Heyndrickxia coagulans
1402,Bacillus licheniformis
1422,Geobacillus stearothermophilus
1423,Bacillus subtilis
1428,Bacillus thuringiensis
1491,Clostridium botulinum
1492,Clostridium butyricum
1494,Clostridium cochlearium
1496,Clostridioides difficile
1502,Clostridium perfringens
1504,Clostridium septicum
1505,Paraclostridium sordellii
1509,Clostridium sporogenes
1511,Acetoanaerobium sticklandii
1519,Clostridium tyrobutyricum
1520,Clostridium beijerinckii
1561,Clostridium baratii
1579,Lactobacillus acidophilus
1580,Levilactobacillus brevis
1582,Lacticaseibacillus casei
1583,Weissella confusa
1585,Lactobacillus delbrueckii subsp. bulgaricus
1587,Lactobacillus helveticus
1588,Lentilactobacillus hilgardii
1589,Lactiplantibacillus pentosus
1590,Lactiplantibacillus plantarum
1596,Lactobacillus gasseri
1597,Lacticaseibacillus paracasei
1598,Limosilactobacillus reuteri
1599,Latilactobacillus sakei
1600,Lactobacillus acetotolerans
1601,Ligilactobacillus agilis
1604,Lactobacillus amylovorus
1610,Loigolactobacillus coryniformis
1613,Limosilactobacillus fermentum
1622,Ligilactobacillus murinus
1624,Ligilactobacillus salivarius
1639,Listeria monocytogenes
1648,Erysipelothrix rhusiopathiae
1655,Actinomyces naeslundii
1656,Actinomyces viscosus
1659,Actinomyces israelii
1660,Schaalia odontolytica
1661,Trueperella pyogenes
1679,Bifidobacterium longum subsp. longum
1680,Bifidobacterium adolescentis
1681,Bifidobacterium bifidum
1682,Bifidobacterium longum subsp. infantis
1683,Bifidobacterium angulatum
1685,Bifidobacterium breve
1686,Bifidobacterium catenulatum
1689,Bifidobacterium dentium
1694,Bifidobacterium pseudolongum
1697,Corynebacterium ammoniagenes
1717,Corynebacterium diphtheriae
1718,Corynebacterium glutamicum
1725,Corynebacterium xerosis
1736,Eubacterium limosum
1744,Propionibacterium freudenreichii
1747,Cutibacterium acnes
1748,Acidipropionibacterium acidipropionici
1749,Acidipropionibacterium jensenii
1750,Arachnia propionica
1752,Propionibacterium freudenreichii subsp. shermanii
1764,Mycobacterium avium
1771,Mycolicibacterium phlei
1774,Mycobacteroides chelonae
2026,Thermoactinomyces vulgaris
2047,Rothia dentocariosa
2098,Metamycoplasma hominis
2173,Methanobrevibacter smithii
2317,Methanosphaera stadtmanae
2702,Gardnerella vaginalis
2718,Cardiobacterium hominis
2748,Carnobacterium divergens
2751,Carnobacterium maltaromaticum
2756,Brochothrix thermosphacta
10678,Punavirus P1
10679,Peduovirus P2
10680,Enterobacteria phage P4
10710,Lambdavirus lambda
10713,Enterobacteria phage phi80
10742,Shamshuipovirus HK022
10761,Lederbergvirus Sf6
10849,Escherichia phage alpha3
12390,Lactococcus phage phiLC3
12417,Lactobacillus phage phiadh
28025,Bifidobacterium animalis
28026,Bifidobacterium pseudocatenulatum
28037,Streptococcus mitis
28038,Latilactobacillus curvatus
28113,Bacteroides heparinolyticus
28116,Bacteroides ovatus
28118,Odoribacter splanchnicus
28119,Bacteroides zoogleoformans
28129,Prevotella denticola
28131,Prevotella intermedia
28132,Prevotella melaninogenica
28135,Segatella oris
28141,Cronobacter sakazakii
28144,Salmonella enterica subsp. enterica serovar Derby
28150,Salmonella enterica subsp. enterica serovar Senftenberg
28251,Ornithobacterium rhinotracheale
28449,Neisseria subflava
28901,Salmonella enterica
29343,[Clostridium] cellulosi
29380,Staphylococcus caprae
29385,Staphylococcus saprophyticus
29388,Staphylococcus capitis
29391,Gemella morbillorum
29394,Dolosigranulum pigrum
29397,Lactobacillus delbrueckii subsp. lactis
29430,Acinetobacter haemolyticus
29466,Veillonella parvula
29471,Pectobacterium atrosepticum
29474,Salmonella enterica subsp. enterica serovar California
29486,Yersinia ruckeri
29553,Mycoplasmopsis bovirhinis
31532,Skunavirus sk1
31754,Lactococcus phage BK5-T
32009,Burkholderia gladioli pv. gladioli
32022,Campylobacter jejuni subsp. jejuni
33010,Cutibacterium avidum
33011,Cutibacterium granulosum
33025,Phascolarctobacterium faecium
33033,Parvimonas micra
33035,Blautia producta
33040,Streptococcus milleri
33050,Sphingopyxis macrogoltabida
33069,Pseudomonas viridiflava
33905,Bifidobacterium thermophilum
33934,Anoxybacillus flavithermus
33936,Aeribacillus pallidus
33940,Geobacillus thermodenitrificans
33941,Geobacillus thermoleovorans
33945,Enterococcus avium
33959,Lactobacillus johnsonii
33964,Leuconostoc citreum
33966,Leuconostoc mesenteroides subsp. dextranicum
33967,Leuconostoc mesenteroides subsp. mesenteroides
33968,Leuconostoc pseudomesenteroides
34062,Moraxella osloensis
34085,Riemerella anatipestifer
34105,Streptobacillus moniliformis
35241,Lactococcus phage Tuc2009
35345,Lactococcus phage TP901-1
35703,Citrobacter amalonaticus
35755,Corynebacterium kutscheri
35841,Caldibacillus thermoamylovorans
36809,Mycobacteroides abscessus
36874,Porphyromonas cangingivalis
37554,Byrnievirus HK97
37734,Enterococcus casseliflavus
37762,Escherichia coli B
38289,Corynebacterium jeikeium
39103,Lactobacillus phage PL-1
39488,Anaerobutyricum hallii
39778,Veillonella dispar
39950,Dialister pneumosintes
40041,Streptococcus equi subsp. zooepidemicus
40214,Acinetobacter johnsonii
40216,Acinetobacter radioresistens
40324,Stenotrophomonas maltophilia
41514,"Salmonella enterica subsp. arizonae serovar 62:z4,z23:-"
42897,Shigella flexneri 2a
43675,Rothia mucilaginosa
43685,Lactococcus phage r1t
43768,Corynebacterium matruchotii
43770,Corynebacterium striatum
43771,Corynebacterium urealyticum
43990,Corynebacterium segmentosum
44008,Enterococcus cecorum
44688,Lactococcus lactis subsp. lactis bv. diacetylactis
44742,Desulfovibrio fairfieldensis
45243,Capnocytophaga haemolytica
45634,Streptococcus cristatus
46256,Weissella hellenica
46626,Salmonella enterica subsp. enterica serovar Give
46867,Clostridium chauvoei
47421,Hydrogenophaga pseudoflava
47671,Lautropia mirabilis
47678,Bacteroides caccae
47714,Lacticaseibacillus paracasei subsp. paracasei
47715,Lacticaseibacillus rhamnosus
47770,Lactobacillus crispatus
47878,Pseudomonas azotoformans
47883,Pseudomonas synxantha
47884,Pseudomonas taetrolens
48664,Xanthomonas fragariae
51369,Lactobacillus phage A2
51515,Dehalobacterium formicoaceticum
51663,Pediococcus damnosus
51665,Aerococcus urinaeequi
51669,Tetragenococcus halophilus
52242,Lactobacillus gallinarum
52771,Actinomyces howellii
52773,Schaalia meyeri
53336,Tatumella citrea
53345,Enterococcus durans
53346,Enterococcus mundtii
53354,Streptococcus gallolyticus subsp. gallolyticus
53442,Eubacterium callanderi
53444,Fructilactobacillus lindneri
54005,Peptoniphilus harei
54006,Peptoniphilus ivorii
54291,Raoultella ornithinolytica
55211,Erwinia persicina
55884,Enterobacteria phage SfV
57706,Citrobacter braakii
57743,Salmonella enterica subsp. enterica serovar Weltevreden
58095,Salmonella enterica subsp. enterica serovar Agona
58096,Salmonella enterica subsp. enterica serovar Bareilly
59201,Salmonella enterica subsp. enterica
59203,Salmonella enterica subsp. arizonae
59204,Salmonella enterica subsp. diarizonae
59205,Salmonella enterica subsp. houtenae
60520,Lactiplantibacillus paraplantarum
61015,Staphylococcus succinus
61435,Dehalococcoides mccartyi
61635,Paracholeplasma brassicae
61645,Enterobacter asburiae
61646,Lelliottia amnigena
61647,Pluralibacter gergoviae
61648,Kluyvera intermedia
63118,Skunavirus bIL170
64186,Moineauvirus Sfi21
65058,Corynebacterium ulcerans
66284,Shigella phage SfII
66692,Shouchella clausii KSM-K16
66712,Propionibacterium freudenreichii subsp. freudenreichii
67824,Citrobacter farmeri
67827,Citrobacter werkmanii
69218,Enterobacter cancerogenus
69220,Lelliottia nimipressuralis
69328,Pseudomonas sp. VLB120
69373,Curtobacterium pusillum
69665,Caulobacter sp. FWC26
71999,Kocuria palustris
72000,Kocuria rhizophila
72407,Klebsiella pneumoniae subsp. pneumoniae
72638,Moineauvirus Sfi19
72758,Staphylococcus capitis subsp. capitis
74426,Collinsella aerofaciens
75588,Pseudomonas libanensis
75658,Campylobacter lanienae
76123,Hoylesella enoeca
76759,Pseudomonas monteilii
76761,Pseudomonas veronii
76832,Myroides odoratimimus
76857,Fusobacterium polymorphum
76859,Fusobacterium animalis
78344,Bifidobacterium pullorum subsp. gallinarum
78535,Streptococcus viridans
78541,Brussowvirus Sfi11
79604,Denitrobacterium detoxificans
79880,Shouchella clausii
82348,Streptococcus pluranimalium
82380,Microbacterium oxydans
82688,Liquorilactobacillus nagelii
82983,Obesumbacterium proteus
83129,Skunavirus P008
83334,Escherichia coli O157:H7
83655,Leclercia adecarboxylata
83684,Lactobacillus delbrueckii subsp. delbrueckii
84110,Slackia heliotrinireducens
84112,Eggerthella lenta
87541,Aerococcus christensenii
88688,Caulobacter segnis
88719,Neisseria elongata subsp. glycolytica
89059,Ligilactobacillus acidipiscis
89152,Peptacetobacter hiranonis
90105,Salmonella enterica subsp. enterica serovar Saintpaul
90245,Oligella urethralis
90370,Salmonella enterica subsp. enterica serovar Typhi
90371,Salmonella enterica subsp. enterica serovar Typhimurium
90410,Moineauvirus DT1
93064,Sphingomonas koreensis
93218,Pandoraea apista
94624,Bordetella petrii
95486,Burkholderia cenocepacia
99179,Bacteroides phage B40-8
99822,Streptococcus dysgalactiae subsp. dysgalactiae
102684,Streptococcus infantarius
103216,Peduovirus Wphi
104087,Pseudomonas frederiksbergensis
104336,Microbacterium foliorum
105219,Ralstonia mannitolilytica
108619,Salmonella enterica subsp. enterica serovar Newport
108980,Acinetobacter ursingii
108981,Acinetobacter schindleri
109328,Leptotrichia trevisanii
111015,Actinomyces radicidentis
113107,Streptococcus australis
114090,Pediococcus inopinatus
114416,Lactococcus phage ul36
114527,Mogibacterium diversum
119206,Aerococcus sanguinicola
119219,Cupriavidus metallidurans
119602,Streptococcus dysgalactiae subsp. equisimilis
119912,Salmonella enterica subsp. enterica serovar Choleraesuis
120107,Sphingobium cloacae
128944,Aerococcus urinaehominis
129338,Geobacillus subterraneus
133448,Citrobacter youngae
134047,Salmonella enterica subsp. enterica serovar Bredeney
136609,Leuconostoc kimchii
136857,Corynebacterium testudinoris
137591,Weissella cibaria
143221,Salmonella enterica subsp. enterica serovar Tennessee
143387,Fusobacterium necrophorum subsp. funduliforme
143388,Fusobacterium necrophorum subsp. necrophorum
145391,Staphylococcus hominis subsp. hominis
146827,Corynebacterium simulans
147645,Paracoccus yeei
149016,Streptococcus urinalis
149385,Salmonella enterica subsp. enterica serovar Hadar
149539,Salmonella enterica subsp. enterica serovar Enteritidis
150055,Streptococcus lutetiensis
151534,Lactococcus phage bIL311
151535,Lactococcus phage bIL285
151536,Lactococcus phage bIL286
151537,Lactococcus phage bIL309
151538,Lactococcus phage bIL310
151539,Lactococcus phage bIL312
152331,Lentilactobacillus parabuchneri
155148,Enterobacteria phage HK620
155615,Fusobacterium vincentii
155866,Weissella soli
155892,Caulobacter vibrioides
156978,Corynebacterium imitans
158823,Cedecea lapagei
158836,Enterobacter hormaechei
158847,Megamonas hypermegale
158850,Providencia rustigianii
160453,Enterococcus gilvus
161899,Corynebacterium singulare
165096,Weissella koreensis
168807,Escherichia coli O127:H6
168927,Escherichia coli O111:H-
169283,Geobacillus lituanicus
172042,Rothia aeria
173443,Lederbergvirus ST64T
175950,Salmonella phage ST64B
176280,Staphylococcus epidermidis ATCC 12228
176292,Secundilactobacillus malefermentans
179997,Salmonella enterica subsp. enterica serovar Havana
180282,Delftia tsuruhatensis
180957,Pectobacterium brasiliense
182773,Clostridium isatidis
185008,Butyrivibrio hungatei
187452,Pediococcus claussenii
189423,Streptococcus pneumoniae 670-6B
190485,Xanthomonas campestris pv. campestris str. ATCC 33913
192954,Salmonella enterica subsp. enterica serovar Mbandaka
192955,Salmonella enterica subsp. enterica serovar Kentucky
195102,Clostridium perfringens str. 13
195103,Clostridium perfringens ATCC 13124
197614,Streptococcus pasteurianus
198215,Shigella flexneri 2a str. 2457T
198620,Pseudomonas koreensis
199201,Pseudomonas syringae pv. lapsa
199310,Escherichia coli CFT073
200450,Pseudomonas trivialis
201847,Lactococcus phage 4268
203120,Leuconostoc mesenteroides subsp. mesenteroides ATCC 8293
203123,Oenococcus oeni PSU-1
203267,Tropheryma whipplei str. Twist
203275,Tannerella forsythia 92A2
205913,Bifidobacterium longum DJO10A
206672,Bifidobacterium longum NCC2705
207340,Roseomonas mucosa
207559,Oleidesulfovibrio alaskensis G20
208223,Kosakonia cowanii
208224,Enterobacter kobei
208479,Enterocloster bolteae
208962,Escherichia albertii
210007,Streptococcus mutans UA159
211110,Streptococcus agalactiae NEM316
211968,Salmonella enterica subsp. enterica serovar Albany
213769,Skunavirus sv712
213775,Lactococcus virus jj50
216142,Pseudomonas rhizosphaerae
216592,Escherichia coli 042
216595,Pseudomonas fluorescens SBW25
216778,Stenotrophomonas rhizophila
216816,Bifidobacterium longum
218493,Salmonella bongori NCTC 12419
218495,Streptococcus uberis 0140J
218496,Tropheryma whipplei TW08/27
219572,Pseudomonas antarctica
220341,Salmonella enterica subsp. enterica serovar Typhi str. CT18
221027,Treponema putidum
222523,Bacillus cereus ATCC 10987
222805,Mycobacterium intracellulare subsp. chimaera
225992,Comamonas kerstersii
226185,Enterococcus faecalis V583
226186,Bacteroides thetaiotaomicron VPI-5482
227940,Peduovirus L413C
228899,Peribacillus asahii
230361,Methanobrevibacter millerae
232721,Acidovorax sp. JS42
234621,Rhodococcus erythropolis PR4
235909,Geobacillus kaustophilus HTA426
236753,Fastidiosipila sanguinis
239935,Akkermansia muciniphila
240427,Secundilactobacillus paracollinoides
243164,Dehalococcoides mccartyi 195
243275,Treponema denticola ATCC 35405
244319,Escherichia coli O26:H11
244366,Klebsiella variicola
244566,Pseudomonas lurida
246201,Streptococcus mitis NCTC 12261
246432,Staphylococcus equorum
246787,Bacteroides cellulosilyticus
248315,Veillonella rodentium
249188,Haemophilus pittmaniae
249265,Lactobacillus delbrueckii subsp. indicus
253239,Ethanoligenens harbinense
254252,Lactococcus virus P2
255248,Leuconostoc garlicum
262727,Haemophilus influenzae R2846
264199,Streptococcus thermophilus LMG 18311
267363,Levilactobacillus zymae
267747,Cutibacterium acnes KPA171202
271881,Lactiplantibacillus argentoratensis
272556,Aggregatibacter actinomycetemcomitans HK1651
272559,Bacteroides fragilis NCTC 9343
272563,Clostridioides difficile 630
272567,Geobacillus stearothermophilus 10
272622,Lactococcus cremoris subsp. cremoris SK11
272626,Listeria innocua Clip11262
273036,Staphylococcus aureus RF122
278137,Mycolicibacterium gilvum Spyr1
278197,Pediococcus pentosaceus ATCC 25745
281310,Haemophilus influenzae 86-028NP
283686,Kosakonia radicincitans
286636,Streptococcus pyogenes MGAS10394
286783,Salmonella enterica subsp. enterica serovar Indiana
287412,Skunavirus Sl4
288681,Bacillus cereus E33L
290335,Tetragenococcus koreensis
290338,Citrobacter koseri ATCC BAA-895
291112,Photorhabdus asymbiotica
292800,Flavonifractor plautii
292913,Sphingopyxis sp. 113P3
295405,Bacteroides fragilis YCH46
296842,Solidesulfovibrio carbinolicus
297352,Lactococcus piscium MKFS47
299766,Enterobacter hormaechei subsp. steigerwaltii
299767,Enterobacter ludwigii
299768,Streptococcus thermophilus CNRZ1066
300267,Shigella dysenteriae Sd197
300268,Shigella boydii Sb227
301102,Enterobacter hormaechei subsp. oharae
301105,Enterobacter hormaechei subsp. hormaechei
301301,Roseburia hominis
302911,Bifidobacterium animalis subsp. lactis
304207,Schleiferilactobacillus harbinensis
306323,Brussowvirus bv2972
306537,Corynebacterium jeikeium K411
307240,Bacillus phage GIL16c
312285,Trueperella bialowiezensis
314315,Latilactobacillus sakei subsp. sakei 23K
314565,Xanthomonas campestris pv. campestris str. 8004
315358,Spiroplasma eriocheiris
315405,Streptococcus gallolyticus
316401,Escherichia coli ETEC H10407
316435,Escherichia coli Nissle 1917
317655,Sphingopyxis alaskensis RB2256
319224,Shewanella putrefaciens CN-32
321846,Pseudomonas simiae
321956,Lactobacillus delbrueckii subsp. bulgaricus ATCC BAA-365
321967,Lacticaseibacillus paracasei ATCC 334
322159,Streptococcus thermophilus LMD-9
324831,Lactobacillus gasseri ATCC 33323 = JCM 1131
326425,Lactobacillus helveticus CNRZ32
326426,Bifidobacterium breve UCC2003
327575,Capnocytophaga leadbetteri
329854,Bacteroides intestinalis
331111,Escherichia coli O139:H28 str. E24377A
331112,Escherichia coli HS
333849,Enterococcus faecium DO
333962,Providencia heimbachae
334390,Limosilactobacillus fermentum IFO 3956
334406,Bacillus cereus NC7401
334413,Finegoldia magna ATCC 29328
334542,Rhodococcus qingshengii
337330,Lactiplantibacillus plantarum subsp. plantarum
338107,Escherichia phage ID62
338969,Rhodoferax ferrireducens T118
339860,Methanosphaera stadtmanae DSM 3091
340184,Escherichia coli B7A
342616,Streptococcus agalactiae COH1
343509,Sodalis glossinidius str. 'morsitans'
343516,Escherichia phage phiV10
344609,Shigella boydii CDC 3083-94
345219,Heyndrickxia coagulans 36D1
347253,Streptococcus salivarius JIM8777
348058,Salmonella phage epsilon34
349519,Leuconostoc citreum KM20
349741,Akkermansia muciniphila ATCC BAA-835
353496,Lactobacillus delbrueckii subsp. bulgaricus 2038
354242,Campylobacter jejuni subsp. jejuni 81-176
357276,Phocaeicola dorei
357809,Lachnoclostridium phytofermentans ISDg
358220,Acidovorax sp. KKS102
360102,Yersinia pestis Antiqua
360107,Campylobacter hominis ATCC BAA-381
361100,Bacillus cereus Q1
361101,Streptococcus pseudoporcinus
362663,Escherichia coli 536
362948,Ligilactobacillus salivarius UCC118
363253,Lawsonia intracellularis PHE/MN1-00
363555,Lactobacillus phage KC5a
365659,Streptococcus mitis B6
366602,Caulobacter sp. K31
367928,Bifidobacterium adolescentis ATCC 15703
370554,Streptococcus pyogenes MGAS10750
371142,Sphingobacterium daejeonense
371601,Bacteroides xylanisolvens
373384,Shigella flexneri 5 str. 8401
374923,Shigella flexneri 1a
375175,Loigolactobacillus backii
378753,Kocuria rhizophila DC2201
379329,Stx2-converting phage 86
380021,Pseudomonas protegens
382245,Aeromonas salmonicida subsp. salmonicida A449
386656,Yersinia pestis Pestoides F
387344,Levilactobacillus brevis ATCC 367
387910,Phietavirus NM4
388919,Streptococcus sanguinis SK36
390333,Lactobacillus delbrueckii subsp. bulgaricus ATCC 11842 = JCM 1002
391290,Geobacillus sp. E263
391904,Bifidobacterium longum subsp. infantis ATCC 15697 = JCM 1222 = DSM 20088
392416,Companilactobacillus crustorum
393921,Porphyromonas crevioricanis
394503,Ruminiclostridium cellulolyticum H10
394958,Clostridium taeniosporum
396513,Staphylococcus carnosus subsp. carnosus TM300
398578,Delftia acidovorans SPH-1
399726,Thermoanaerobacter sp. X514
400065,Streptococcus merionis
400668,Marinomonas sp. MWYL1
401472,Corynebacterium ureicelerivorans
401473,Bifidobacterium dentium Bd1
405534,Bacillus cereus AH187
405535,Bacillus cereus AH820
405566,Lactobacillus helveticus DPC 4571
405955,Escherichia coli APEC O1
407020,Sphingobium sp. MI1205
409438,Escherichia coli SE11
411468,[Clostridium] scindens ATCC 35704
411470,Mediterraneibacter gnavus ATCC 29149
413503,Cronobacter malonaticus
414970,Enterobacteria phage cdtI
416870,Lactococcus cremoris subsp. cremoris MG1363
418223,Methylobacterium phyllosphaerae
420247,Methanobrevibacter smithii ATCC 35061
420889,Lactococcus garvieae ATCC 49156
420890,Lactococcus garvieae Lg2
421000,Sulfitobacter donghicola
423211,Streptococcus suis GZ1
423368,Salmonella enterica subsp. enterica serovar Newport str. SL254
424720,Shigella flexneri Y
427140,Leuconostoc mesenteroides KFRI-MG
428406,Ralstonia pickettii 12D
431943,Clostridium kluyveri DSM 555
431946,Escherichia coli SE15
431947,Porphyromonas gingivalis ATCC 33277
432198,Escherichia phage HK106
432200,Escherichia phage HK542
432201,Escherichia phage HK544
435590,Phocaeicola vulgatus ATCC 8482
435591,Parabacteroides distasonis ATCC 8503
439184,Escherichia coli RS218
439334,Mycobacterium avium subsp. hominissuis
439843,Salmonella enterica subsp. enterica serovar Schwarzengrund str. CVM19633
439855,Escherichia coli SMS-3-5
440524,"Salmonella enterica subsp. enterica serovar 4,[5],12:i:-"
441620,Methylorubrum populi BJ001
444450,Escherichia coli O157:H7 str. EC4115
454166,Salmonella enterica subsp. enterica serovar Agona str. SL483
454169,Salmonella enterica subsp. enterica serovar Heidelberg str. SL476
456327,Xanthomonas euvesicatoria
457405,Fusobacterium animalis 7_1
465515,Micrococcus luteus NCTC 2665
465817,Erwinia tasmaniensis Et1/99
467705,Streptococcus gordonii str. Challis substr. CH1
468911,Liquorilactobacillus hordei
469378,Cryptobacterium curtum DSM 15641
469602,Fusobacterium vincentii 3_1_27
469604,Fusobacterium vincentii 3_1_36A2
469607,Fusobacterium animalis 4_8
469615,Fusobacterium gonidiaformans ATCC 25563
469616,Fusobacterium mortiferum ATCC 9817
469617,Fusobacterium ulcerans ATCC 49185
469618,Fusobacterium varium ATCC 27725
470934,Pantoea vagans
471855,Slackia heliotrinireducens DSM 20476
474186,Enterococcus faecalis OG1RF
476213,Salmonella enterica subsp. enterica serovar Paratyphi C str. RKS4594
478547,Campylobacter jejuni subsp. jejuni CG8421
479436,Veillonella parvula DSM 2008
479437,Eggerthella lenta DSM 2243
481805,Escherichia coli ATCC 8739
482462,Mycobacterium dioxanotrophicus
482822,Escherichia phage DE3
483547,Geoalkalibacter subterraneus
484020,Bifidobacterium bifidum BGN4
484021,Klebsiella pneumoniae subsp. pneumoniae NTUH-K2044
484429,Sphingobium sp. YBL2
487213,Streptococcus pneumoniae Taiwan19F-14
487214,Streptococcus pneumoniae Hungary19A-6
488142,Serratia sp. SCBI
488222,Streptococcus pneumoniae JJA
488223,Streptococcus pneumoniae P1031
491077,Limosilactobacillus reuteri SD2112
494269,Skunavirus bibb29
496874,Lactobacillus phage Lrm1
498388,Escherichia coli C
500634,Bifidobacterium bifidum ATCC 29521 = JCM 1255 = DSM 20456
502558,Eggerthella sp. YY7918
511437,Lentilactobacillus buchneri NRRL B-30929
511691,Streptococcus mutans NN2025
512566,Streptococcus pneumoniae G54
515393,Pseudomonas yamanorum
515619,Agathobacter rectalis ATCC 33656
515620,[Eubacterium] eligens ATCC 27750
515622,Butyrivibrio proteoclasticus B316
516950,Streptococcus pneumoniae CGSP14
518634,Bifidobacterium breve DSM 20213 = JCM 1192
518635,Bifidobacterium angulatum DSM 20098 = JCM 7096
519441,Streptobacillus moniliformis DSM 12112
519472,Vagococcus teuberi
521095,Lancefieldella parvula DSM 20469
522373,Stenotrophomonas maltophilia K279a
523794,Leptotrichia buccalis C-1013-b
525146,Desulfovibrio desulfuricans ATCC 27774
525326,Lactobacillus paragasseri JV-V03
525381,Streptococcus pneumoniae TCH8431/19A
525919,Anaerococcus prevotii DSM 20548
526226,Gordonia bronchialis DSM 43247
526977,Bacillus cereus ATCC 4342
527001,Salmonella enterica subsp. enterica serovar Typhi str. Ty21a
529507,Proteus mirabilis HI4320
536056,Escherichia coli DH1
536231,Roseburia intestinalis L1-82
537007,Blautia hansenii DSM 20583
537874,Streptococcus phage PH15
537973,Lacticaseibacillus paracasei subsp. paracasei 8700:2
543734,Lacticaseibacillus casei BL23
543913,beta proteobacterium CB
544580,Actinomyces oris
546263,Neisseria elongata subsp. glycolytica ATCC 29315
546269,Filifactor alocis ATCC 35896
546367,Hafnia paralvei
547043,Bifidobacterium pseudocatenulatum DSM 20438 = JCM 1200 = LMG 10505
548479,Mobiluncus curtisii ATCC 43063
552811,Dehalogenimonas lykanthroporepellens BL-DC-9
553190,Gardnerella vaginalis 409-05
553199,Cutibacterium acnes SK137
553814,Acidovorax carolinensis
553973,[Clostridium] hylemonae DSM 15053
556269,Oxalobacter formigenes OXCC13
556499,Propionibacterium acidifaciens
557433,Limosilactobacillus reuteri subsp. reuteri JCM 1112
557436,Limosilactobacillus reuteri subsp. reuteri
557599,Mycobacterium kansasii ATCC 12478
561276,Streptococcus pneumoniae ATCC 700669
561879,Bacillus safensis
565040,Bifidobacterium longum subsp. infantis 157F
565042,Bifidobacterium longum subsp. longum JCM 1217
565651,Enterococcus faecalis ARO1/DG
565655,Enterococcus casseliflavus EC20
566546,Escherichia coli W
566552,Bifidobacterium catenulatum DSM 16992 = JCM 1194 = LMG 11043
568704,Lacticaseibacillus rhamnosus Lc 705
568814,Streptococcus suis BM407
568816,Acidaminococcus intestini RyC-MR95
569579,Escherichia coli NU14
570416,Bacillus thuringiensis serovar kurstaki str. YBT-1520
573061,Clostridium cellulovorans 743B
573062,Thermoanaerobacter sp. X513
573235,Escherichia coli O26:H11 str. 11368
574093,Streptococcus pneumoniae AP200
574521,Escherichia coli O127:H6 str. E2348/69
575614,Prevotella sp. oral taxon 299 str. F0039
583346,Clostridium kluyveri NBRC 12016
585034,Escherichia coli IAI1
585054,Escherichia fergusonii ATCC 35469
585055,Escherichia coli 55989
585057,Escherichia coli IAI39
585394,Roseburia hominis A2-183
585395,Escherichia coli O103:H2 str. 12009
585396,Escherichia coli O111:H- str. 11128
585528,Gardnerella vaginalis ATCC 14018 = JCM 11026
591020,Shigella flexneri 2002017
591167,Streptomyces pratensis ATCC 33331
591365,Streptococcus intermedius JTH08
591946,Escherichia coli LF82
593588,Vibrio cholerae MJ-1236
593905,Salmonella enterica subsp. enterica serovar Corvallis
595495,Escherichia coli KO11FL
596153,Alicycliphilus denitrificans BC
596154,Alicycliphilus denitrificans K601
610130,[Clostridium] saccharolyticum WM1
617121,Streptococcus dysgalactiae subsp. equisimilis RE378
617123,Lachnoanaerobaculum umeaense
621456,Sphingomonas melonis TY
626937,Christensenella minuta
626939,Phascolarctobacterium succinatutens YIT 12067
630626,Shimwellia blattae DSM 4481 = NBRC 105725
631220,Desulfovibrio sp. G11
633135,Moineauvirus Abc2
633147,Olsenella uli DSM 7084
634176,Aggregatibacter aphrophilus NJ8700
634498,Methanobrevibacter ruminantium M1
634956,Parageobacillus thermoglucosidasius C56-YS93
637380,Bacillus cereus biovar anthracis str. CI
637909,Streptococcus gallolyticus UCN34
637910,Citrobacter rodentium ICC168
640131,Klebsiella variicola At-22
644007,Streptococcus phage PH10
645127,Corynebacterium kroppenstedtii DSM 44385
645464,Campylobacter jejuni subsp. jejuni M1
646413,Streptococcus phage 5093
649196,Sphingobacterium hotanense
649743,Actinomyces sp. oral taxon 848 str. F0332
649754,Corynebacterium ammoniagenes DSM 20306
649756,Anaerostipes hadrus
655813,Streptococcus oralis ATCC 35037
655817,Escherichia coli ABU 83972
656366,Arthrobacter alpinus
663954,Streptococcus dysgalactiae subsp. equisimilis ATCC 12394
665883,Skunavirus CB13
665884,Skunavirus CB14
665886,Skunavirus CB19
665887,Lactococcus phage CB20
665914,Mixta gaviniae
667015,Phocaeicola salanitronis DSM 18170
672190,Streptococcus suis 05HAS68
673832,Enterococcus phage phiFL1A
679935,Alistipes finegoldii DSM 17242
680198,Streptomyces scabiei 87.22
680646,Rothia mucilaginosa DY-18
682370,Brussowvirus ALQ132
684738,Lactococcus lactis subsp. lactis KF147
685038,Escherichia coli O83:H1 str. NRG 857C
691437,Geobacillus sp. C56-T3
693216,Cronobacter turicensis z3032
693444,Enterobacteriaceae bacterium strain FGI 57
693746,Oscillibacter valericigenes Sjm18-20
693979,Bacteroides helcogenes P 36-108
693986,Methylobacterium oryzae CBMB20
695562,Lactobacillus amylovorus GRL1118
696216,Streptococcus constellatus subsp. pharyngis C232
696281,Desulforamulus ruminis DSM 2154
696406,Escherichia coli UMNK88
697329,Ruminococcus albus 7 = DSM 20455
698486,Escherichia phage K1G
698487,Escherichia phage K1H
698488,Escherichia phage K1ind1
698489,Escherichia phage K1ind2
698973,Corynebacterium diphtheriae BH8
699035,Clostridioides difficile M120
699246,Mageeibacillus indolicus UPII9-5
700015,Coriobacterium glomerans PW2
701521,Pediococcus claussenii ATCC BAA-344
702459,Bifidobacterium bifidum PRL2010
702967,Corynebacterium sp. NML98-0116
702982,Salmonella enterica subsp. enterica serovar Saintpaul str. SARA26
706439,Actinomyces sp. oral taxon 171 str. F0337
709991,Odoribacter splanchnicus DSM 20712
710685,Mycolicibacterium rhodesiae NBB3
712122,Actinomyces sp. oral taxon 414
712270,Dietzia sp. oral taxon 368
712357,Leptotrichia sp. oral taxon 212
712411,Olsenella sp. oral taxon 807
712633,Streptococcus sp. oral taxon 431
712710,Tannerella serpentiformis
712938,Limosilactobacillus fermentum CECT 5716
712991,Lachnospiraceae bacterium oral taxon 500
713059,Candidatus Saccharibacteria bacterium oral taxon 488
714313,Fructilactobacillus sanfranciscensis TMW 1.1304
714359,Bacillus thuringiensis BMB171
714962,Escherichia coli IHE3034
716541,Enterobacter cloacae subsp. cloacae ATCC 13047
718274,Salmonella enterica subsp. enterica serovar Typhimurium str. T000240
739141,Methylobacterium sp. XJLW
741093,Escherichia coli Xuzhou21
742737,Hungatella hathewayi WAL-18680
743525,Thermus scotoductus SA-01
745156,Escherichia coli 1303
746361,Lactococcus cremoris subsp. cremoris NZ9000
749965,Salmonella enterica subsp. enterica serovar Senftenberg str. 361154004
754093,Shigella dysenteriae 1617
754252,Propionibacterium freudenreichii subsp. shermanii CIRM-BIA1
754345,Actinobacillus pleuropneumoniae serovar 8
758831,Escherichia coli ECC-1470
759350,Bifidobacterium longum subsp. longum JDM301
759620,Weissella ceti
759913,Streptococcus dysgalactiae subsp. equisimilis AC-2713
759914,Brachyspira pilosicoli 95/1000
760570,Streptococcus parasanguinis ATCC 15912
762051,Leuconostoc kimchii IMSNU 11154
762376,Achromobacter xylosoxidans A8
762948,Rothia dentocariosa ATCC 17931
762982,Paraprevotella xylaniphila YIT 11841
767029,Arachnia propionica F0230a
767031,Prevotella denticola F0289
767453,Limosilactobacillus fermentum F-6
767455,Lactobacillus delbrueckii subsp. bulgaricus ND02
767456,Lactobacillus helveticus H9
767462,Lactobacillus helveticus H10
767463,Streptococcus thermophilus ND03
767468,Lactiplantibacillus plantarum subsp. plantarum P-8
858306,Salmonella enterica subsp. enterica serovar Newport str. CVM N18486
858619,Corynebacterium variabile DSM 44702
859143,Cytobacillus kochii
862962,Bacteroides fragilis 638R
862964,Haemophilus influenzae 10810
862965,Haemophilus parainfluenzae T3T1
862966,Streptococcus intermedius C270
862967,Streptococcus intermedius B196
862968,Streptococcus constellatus subsp. pharyngis C818
862969,Streptococcus constellatus subsp. pharyngis C1050
862970,Streptococcus anginosus C1051
862971,Streptococcus anginosus C238
864564,Parascardovia denticolens DSM 10105 = JCM 12538
866777,Bifidobacterium breve ACS-071-V-Sch8b
866913,"Salmonella enterica subsp. enterica serovar 4,[5],12:i:- str. 08-1736"
869209,Treponema succinifaciens DSM 2489
869216,Streptococcus pneumoniae INV200
869309,Streptococcus pneumoniae SPNA45
869729,Escherichia coli UM146
877468,Salmonella enterica subsp. enterica serovar Newport str. USMARC-S3124.1
879243,Porphyromonas asaccharolytica DSM 20707
880074,Barnesiella viscericola DSM 18177
880633,Lactobacillus helveticus R0052
881260,Enterobacter bugandensis
883062,Bifidobacterium bifidum S17
885040,Enterobacter soli
888027,Lactobacillus delbrueckii subsp. lactis DSM 20072
888050,Schaalia cardiffensis F0333
888057,Aggregatibacter segnis ATCC 33393
888727,Eubacterium sulci ATCC 35585
889201,Streptococcus cristatus ATCC 51100
890402,Bifidobacterium longum subsp. longum BBMN68
906668,Escherichia phage HK75
906669,Escherichia phage HK639
908937,Prevotella dentalis DSM 3688
910348,Escherichia coli P12b
913070,Salmonella enterica subsp. enterica serovar Gaminara
913848,Loigolactobacillus coryniformis subsp. coryniformis KCTC 3167 = DSM 20001
926034,Salmonella enterica subsp. enterica serovar Enteritidis str. 77-1427
927666,Streptococcus oralis Uo5
927703,Limosilactobacillus reuteri subsp. suis
929102,Lactococcus lactis subsp. lactis CV56
929814,Salmonella phage RE2010
930166,Pseudomonas brassicacearum
930170,Bacillus thuringiensis serovar finitimus YBT-020
930171,Pseudarthrobacter phenanthrenivorans Sphe3
930406,Escherichia coli O157:H16
930779,Salmonella enterica subsp. enterica serovar Newport str. Levine 15
931089,Corynebacterium deserti GIMN1.010
931626,Acetobacterium woodii DSM 1030
935296,Klebsiella aerogenes EA1509E
936054,Enterobacteria phage VT2phi_272
936154,Streptococcus parauberis KCTC 11537
936351,Bifidobacterium breve S27
938155,Companilactobacillus futsaii
941187,Salmonella enterica subsp. enterica serovar Inverness str. ATCC 10720
941188,Salmonella enterica subsp. enterica serovar Pomona str. ATCC 10729
941190,Salmonella enterica subsp. enterica serovar Chester str. ATCC 11997
941280,Escherichia coli O25b:H4
941323,Escherichia coli VR50
941639,Heyndrickxia coagulans 2-6
945021,Tetragenococcus halophilus NBRC 12172
945704,Streptococcus suis JS14
977801,Enterococcus phage EF62phi
979982,Leuconostoc sp. C2
981539,Streptococcus gallolyticus subsp. gallolyticus ATCC 43143
981540,Streptococcus pasteurianus ATCC 43144
990315,Xanthomonas campestris pv. raphani 756C
990317,Streptococcus gallolyticus subsp. gallolyticus ATCC BAA-2069
991789,Anaerotignum propionicum DSM 1682
991915,Escherichia coli O121:H19
991919,Escherichia coli O145:NM
992406,Riemerella anatipestifer RA-GD
996633,Salmonella enterica subsp. enterica serovar Typhimurium str. L-3553
997877,Phocaeicola dorei CL03T12C01
998822,Salmonella enterica subsp. enterica serovar Enteritidis str. RM2968
1001583,Levilactobacillus brevis KB290
1001989,Escherichia coli PCN033
1004786,Alteromonas mediterranea DE1
1004952,Streptococcus suis D12
1005041,Streptococcus suis SS12
1006551,Klebsiella michiganensis KCTC 1686
1007676,Companilactobacillus ginsenosidimutans
1008297,Salmonella enterica subsp. enterica serovar Typhimurium str. 798
1009464,Gardnerella vaginalis HMP9231
1009714,Pseudomonas aeruginosa PAK
1028307,Klebsiella aerogenes KCTC 2190
1029979,Salmonella enterica subsp. enterica serovar Pullorum str. ATCC 9120
1029983,Salmonella enterica subsp. enterica serovar Abony str. 0014
1031709,Cutibacterium acnes 6609
1031753,Campylobacter lanienae NCTC 13004
1032069,Campylobacter ureolyticus RIGS 9880
1033837,Lactobacillus kefiranofaciens ZW3
1035817,Bifidobacterium longum subsp. longum KACC 91563
1037911,Pseudomonas fluorescens A506
1038927,Escherichia coli O104:H4
1042156,Clostridium sp. SY8519
1042403,Bifidobacterium animalis subsp. lactis CNCM I-2494
1045808,Rhodococcus sp. YL-1
1045854,Weissella koreensis KACC 15510
1046624,Lactococcus lactis subsp. lactis IO-1
1048332,Streptococcus salivarius CCHSS3
1048689,Escherichia coli O55:H7 str. RM12579
1049565,Klebsiella pneumoniae KCTC 2242
1049583,Kocuria indica
1050107,Lactobacillus delbrueckii subsp. sunkii
1051074,Streptococcus thermophilus JIM 8232
1051631,Streptococcus phage YMC-2011
1051650,Lacticaseibacillus casei 12A
1054460,Streptococcus pseudopneumoniae IS7493
1055534,Escherichia coli O26 str. RM10386
1055540,Escherichia coli O103 str. RM8385
1055541,Escherichia coli O43 str. RM10042
1055543,Escherichia coli O121 str. RM8352
1055544,Escherichia coli O145 str. RM9872
1055545,Escherichia coli O91 str. RM7190
1064535,Megasphaera elsdenii DSM 20460
1069533,Streptococcus infantarius subsp. infantarius CJ18
1069534,Ligilactobacillus ruminis ATCC 27782
1071400,Lentilactobacillus buchneri subsp. silagei CD034
1072459,Escherichia coli O7:K1 str. CE10
1073999,Cronobacter condimenti 1330
1076934,Streptococcus lutetiensis 033
1077085,Salmonella enterica subsp. enterica serovar Fresno
1077464,Streptococcus oralis subsp. tigurinus
1078021,Escherichia coli O113:H21
1078032,Escherichia coli O45:H2
1086030,Shigella flexneri 5a str. M90T
1088720,Lacticaseibacillus rhamnosus ATCC 8530
1089553,Thermacetogenium phaeum DSM 12270
1090133,Enterobacteria phage IME10
1091045,Cutibacterium acnes subsp. defendens ATCC 11828
1104322,Lactococcus cremoris subsp. cremoris A76
1104326,Enterobacter cloacae subsp. dissolvens SDM
1105171,Bacteroides phage B124-14
1107880,Leuconostoc mesenteroides subsp. mesenteroides J18
1111068,Geobacillus thermoleovorans CCB_US3_UF5
1111678,Lactococcus cremoris subsp. cremoris UC509.9
1111760,Streptococcus troglodytae
1113547,Salmonella phage 9NA
1114965,Streptococcus parasanguinis FW213
1114966,Cutibacterium acnes TypeIA2 P.acn33
1114969,Cutibacterium acnes TypeIA2 P.acn31
1116231,Streptococcus macedonicus ACA-DC 198
1117941,Lactococcus lactis subsp. lactis NCDO 2118
1118063,Staphylococcus phage SpaA1
1121353,Corynebacterium callunae DSM 20147
1123016,Stutzerimonas balearica DSM 6083
1123269,Sphingomonas sanxanigenens DSM 19645 = NX02
1123862,Klebsiella pneumoniae subsp. pneumoniae Kp13
1124654,Escherichia phage TL-2011b
1124936,Salmonella enterica subsp. enterica serovar Heidelberg str. 41578
1124962,Salmonella enterica subsp. enterica serovar Poona str. ATCC BAA-1673
1124991,Morganella morganii subsp. morganii KT
1125630,Klebsiella pneumoniae subsp. pneumoniae HS11286
1127357,Salmonella phage SPN9CC
1130798,Limosilactobacillus mucosae LM1
1133568,Brachyspira pilosicoli B2904
1134454,Cutibacterium acnes HL096PA1
1134687,Klebsiella michiganensis
1134782,Escherichia coli O104:H4 str. 2009EL-2050
1136179,Rhodococcus erythropolis CCM2595
1138308,Cronobacter sakazakii ES15
1147143,Enterobacteria phage HK140
1147144,Enterobacteria phage HK225
1147145,Escherichia phage HK446
1147146,Escherichia phage HK630
1147147,Escherichia phage HK633
1147148,Escherichia phage HK629
1147149,Enterobacteria phage mEp043 c-1
1147150,Enterobacteria phage mEp235
1147151,Enterobacteria phage mEp237
1147152,Enterobacteria phage mEp460
1147153,Escherichia phage mEpX1
1147154,Escherichia phage mEpX2
1147157,Escherichia phage mEp234
1147786,Pseudomonas mandelii JR-1
1150423,Bifidobacterium dentium JCM 1195 = DSM 20436
1150460,Bifidobacterium catenulatum subsp. kashiwanohense JCM 15439 = DSM 21854
1150461,Bifidobacterium scardovii JCM 12489 = DSM 13734
1150468,Scardovia inopinata JCM 12537
1151001,Salmonella enterica subsp. enterica serovar Napoli
1155071,Streptococcus mutans LJ23
1156431,Streptococcus ilei
1158600,Enterococcus faecium ATCC 8459 = NRRL B-2354
1159491,Cronobacter malonaticus LMG 23826
1159554,Cronobacter dublinensis subsp. dublinensis LMG 23823
1159613,Cronobacter muytjensii ATCC 51329
1160721,Ruminococcus bicirculans (ex Wegman et al. 2014)
1160769,Salmonella enterica subsp. enterica serovar Worthington
1165134,Skunavirus ASCC191
1165135,Skunavirus ASCC273
1165151,Skunavirus ASCC465
1165892,Leuconostoc gasicomitatum KG16-1
1167629,Bifidobacterium animalis subsp. lactis ATCC 27673
1168034,Draconibacterium orientale
1168548,Salmonella phage vB_SemP_Emek
1170318,Cutibacterium avidum 44067
1171373,Acidipropionibacterium acidipropionici ATCC 4875
1171377,Bibersteinia trehalosi USDA-ARS-USMARC-192
1173769,Salmonella phage FSLSP004
1173798,Salmonella enterica subsp. enterica serovar Albany str. ATCC 51960
1177574,Prevotella jejuni
1177632,Salmonella phage SSU5
1179670,Micrococcus sp. KBS0714
1182590,Pseudomonas oleovorans CECT 5344
1183380,Campylobacter coli RM5611
1187956,Streptococcus thermophilus MN-ZLW-002
1191061,Klebsiella michiganensis E718
1194159,Salmonella enterica subsp. enterica serovar Stanleyville str. CFSAN000624
1194526,Staphylococcus warneri SG1
1194971,Ligilactobacillus salivarius str. Ren
1196325,Pseudomonas putida DOT-T1E
1197717,Cloacibacillus porcorum
1198676,Streptococcus mutans GS-5
1200752,Escherichia coli NCCP15648
1201292,Enterococcus faecalis ATCC 29212
1206105,Enterococcus faecalis D32
1206777,Pseudomonas sp. Lz4W
1211417,uncultured crAssphage
1214179,Streptococcus suis 6407
1215914,Lacticaseibacillus casei W56
1216932,Clostridium bornimense
1217420,Lactobacillus delbrueckii subsp. jakobsenii ZN7a-9 = DSM 26046
1217984,Bacillus cereus FRI-35
1219032,Comamonas terrigena NBRC 13299
1221522,Pseudomonas fluorescens NCIMB 11764
1224163,Corynebacterium maris DSM 45190
1225789,Enterobacteria phage SfI
1228997,Riemerella anatipestifer RA-CH-1
1229621,Anaerostipes rhamnosivorans
1229751,Lactococcus phage BM13
1229756,Leuconostoc gelidum JB7
1229758,Leuconostoc carnosum JB16
1231072,Clostridium tetani 12124569
1233873,Geobacillus sp. GHH01
1234378,Lawsonia intracellularis N343
1234380,Cutibacterium acnes C1
1234679,Carnobacterium maltaromaticum LMA28
1236517,Prevotella fusca JCM 17724
1240708,Salmonella enterica subsp. enterica serovar Bergen str. ST350
1242090,Salmonella enterica subsp. enterica serovar Crossness str. 1422-74
1242096,Salmonella enterica subsp. enterica serovar Hillingdon str. N1529-D3
1242097,Salmonella enterica subsp. enterica serovar Hvittingfoss str. SA20014981
1242108,Salmonella enterica subsp. enterica serovar Manchester str. ST278
1242245,Acinetobacter johnsonii XBB1
1243584,Salmonella enterica subsp. enterica serovar Onderstepoort str. SA20060086
1243602,Salmonella enterica subsp. salamae serovar 55:k:z39 str. 1315K
1244085,Klebsiella pneumoniae CG43
1246365,Streptococcus suis SC070731
1248823,Escherichia coli O145:H28 str. RM12581
1248902,Escherichia coli O145:H28 str. RM13514
1248903,Escherichia coli O145:H28 str. RM12761
1248915,Escherichia coli O145:H28 str. RM13516
1254439,Bifidobacterium thermophilum RBL67
1258574,Streptococcus gallolyticus subsp. gallolyticus DSM 16831
1259973,Klebsiella electrica
1261127,Citrobacter amalonaticus Y19
1261129,Bacillus thuringiensis serovar kurstaki str. HD-1
1261557,Enterococcus faecalis str. Symbioflor 1
1262519,Leuconostoc phage LN34
1262533,Lactococcus phage 340
1262535,Lactococcus phage jm2
1262536,Lactococcus phage jm3
1262538,Lactococcus phage phi7
1263550,Edwardsiella piscicida
1263831,Bibersteinia trehalosi USDA-ARS-USMARC-189
1265478,Enterobacteriaceae bacterium bta3-1
1267562,Cupriavidus gilardii CR3
1271863,Salmonella enterica subsp. enterica serovar Cubana str. CFSAN002050
1273173,Campylobacter coli CVM N29710
1274814,Escherichia coli APEC O78
1276647,Streptococcus suis TL13
1276648,Cutibacterium acnes hdn-1
1281282,Xanthomonas campestris pv. campestris str. CN14
1282356,Pseudomonas poae RE*1-1-14
1282357,Shigella flexneri 2003036
1283291,Pseudomonas sp. URMO17WK12:I11
1284798,Klebsiella pneumoniae DMC1097
1284802,Klebsiella pneumoniae UHKPC33
1284804,Klebsiella pneumoniae UHKPC07
1286170,Raoultella ornithinolytica B6
1287066,Enterococcus faecalis DENG1
1288122,Edwardsiella piscicida C07-087
1289591,Rhodococcus erythropolis R138
1291742,Paucilactobacillus hokkaidonensis JCM 18461
1293592,Latilactobacillus curvatus JCM 1096 = DSM 20019
1295009,Candidatus Methanomassiliicoccus intestinalis Issoire-Mx1
1295826,Lactococcus cremoris subsp. cremoris KW2
1296536,Enterobacter hormaechei subsp. xiangfangensis
1296540,Paucilactobacillus nenjiangensis
1297617,Intestinimonas butyriciproducens
1298917,Salmonella enterica subsp. enterica serovar Pullorum str. S06004
1300227,Bifidobacterium longum subsp. longum GT15
1302863,Streptococcus cristatus AS 1.3089
1304922,Klebsiella pneumoniae 500_1420
1305849,Enterococcus faecium Aus0085
1307427,Fusobacterium vincentii ChDC F8
1307442,Fusobacterium hwasookii ChDC F174
1307443,Fusobacterium hwasookii ChDC F206
1307444,Fusobacterium hwasookii ChDC F300
1307832,Tannerella forsythia 3313
1307833,Tannerella forsythia KS16
1308980,Klebsiella michiganensis HKOPL1
1309807,Streptococcus agalactiae ILRI005
1311757,Escherichia coli ACN001
1315974,Sphingobium sp. TKS
1316596,Capnocytophaga sp. oral taxon 878
1316933,Lacticaseibacillus rhamnosus LOCK900
1322345,Escherichia coli ATCC 25922
1324352,Chryseobacterium gallinarum
1324931,Pseudomonas syringae pv. syringae B301D
1327988,Lactiplantibacillus plantarum 16
1328324,Klebsiella pneumoniae subsp. pneumoniae KPNIH27
1328859,Escherichia coli O157:H7 str. SS17
1328866,Rathayibacter festucae DSM 15932
1329907,Escherichia coli APEC IMT5155
1331671,Pseudomonas putida H8234
1332264,Tessaracoccus aquimaris
1333848,Citrobacter freundii CFNIH1
1333849,Enterobacter hormaechei subsp. hoffmannii ECR091
1333850,Enterobacter cloacae ECNIH2
1333851,Enterobacter hormaechei subsp. hoffmannii ECNIH3
1333852,Klebsiella oxytoca KONIH1
1334193,[Enterobacter] lignolyticus
1334564,Serratia marcescens SM39
1335303,Escherichia coli O104:H21 str. CFSAN002236
1335613,Gordonibacter urolithinfaciens
1335916,Escherichia coli LY180
1338689,Pseudomonas sp. JY-Q
1340847,Streptococcus suis T15
1344042,Enterococcus faecium T110
1345705,Yersinia pestis 1522
1346611,Thermoclostridium stercorarium subsp. leptospartum DSM 9219
1346614,Serratia liquefaciens ATCC 27592
1348662,Corynebacterium argentoratense DSM 44202
1349826,Campylobacter jejuni subsp. jejuni D42a
1349827,Campylobacter jejuni subsp. jejuni M129
1351755,Clostridium chauvoei JF4335
1353243,Streptococcus anginosus subsp. whileyi MAS624
1355100,Escherichia coli JJ1886
1357292,Pseudomonas syringae pv. pisi str. PP1
1357825,Enterobacteria phage fiAA91-ss
1357915,Arthrobacter sp. QXT-31
1357916,Sphingopyxis sp. QXT-31
1358004,Xanthomonas campestris pv. campestris str. CN03
1358017,Xanthomonas campestris pv. campestris str. CN12
1358422,Escherichia coli PCN061
1365186,Klebsiella pneumoniae KP-1
1379690,Bacteroides ovatus V975
1380360,Lactobacillus gasseri DSM 14869
1380361,Lacticaseibacillus rhamnosus DSM 14870
1380908,Klebsiella pneumoniae JM45
1381124,Limosilactobacillus fermentum 3872
1384484,Adlercreutzia equolifaciens DSM 19450
1385385,Streptococcus phage TP-778L
1385938,Bifidobacterium breve 12L
1385939,Bifidobacterium breve JCM 7017
1385940,Bifidobacterium breve JCM 7019
1385941,Bifidobacterium breve NCFB 2258
1385942,Bifidobacterium breve 689b
1389713,Mycobacterium paragordonae
1392231,Streptococcus phage 20617
1392476,Staphylococcus aureus subsp. aureus 6850
1392499,Klebsiella pneumoniae subsp. pneumoniae 1158
1392500,Klebsiella pneumoniae HK787
1392854,Escherichia coli M8
1399047,Salmonella enterica subsp. enterica serovar Senftenberg str. CFSAN004025
1399116,Lactococcus lactis subsp. lactis KLDS 4.0325
1399941,Lactobacillus phage phiJB
1401325,Ornithobacterium rhinotracheale ORT-UMN 88
1401688,Escherichia coli APEC O18
1403335,Porphyromonas gingivalis 381
1403338,Porphyromonas gingivalis A7A1-28
1403449,Streptococcus equi subsp. zooepidemicus CY
1404245,Corynebacterium glyciniphilum AJ 3170
1406512,Candidatus Methanomassiliicoccus intestinalis
1407493,Shigella phage SfIV
1408178,Streptococcus thermophilus ASCC 1275
1408206,Pediococcus pentosaceus SL4
1410605,Bifidobacterium pseudolongum subsp. globosum DSM 20092
1410916,Salmonella enterica subsp. enterica serovar Cerro str. CFSAN001588
1412470,Salmonella enterica subsp. enterica serovar Enteritidis str. EC20120008
1414736,Lactobacillus phage J-1
1415630,Pseudomonas sp. TKP
1415775,Clostridium baratii str. Sullivan
1416032,Shigella phage 75/02 Stx
1416334,Lactobacillus phage phi jlb1
1421338,Enterobacter asburiae L1
1423720,Companilactobacillus alimentarius DSM 20249
1423721,Amylolactobacillus amylophilus DSM 20533 = JCM 1125
1423778,Paucilactobacillus oligofermentans DSM 15707 = LMG 22743
1423822,Loigolactobacillus coryniformis subsp. torquens DSM 20004 = KCTC 3535
1423833,Latilactobacillus sakei subsp. sakei DSM 20017 = JCM 1157
1427374,Streptococcus agalactiae CNCTC 10/84
1432658,Enterococcus phage IME-EF4
1433126,Mucinivorans hirudinis
1433513,Streptococcus gwangjuense
1435461,Escherichia coli KLY
1436299,Pasteurella multocida subsp. multocida str. HN07
1437447,Streptococcus mutans UA159-FR
1440052,Escherichia albertii KF1
1446494,Lacticaseibacillus paracasei N1115
1446701,Escherichia coli O169:H41
1446707,Escherichia coli O25:NM
1446746,Escherichia coli O6:H16
1447715,Bifidobacterium pseudolongum PV8-2
1447716,Bifidobacterium catenulatum PV20-2
1453496,Hafnia alvei FB1
1454377,Yersinia frederiksenii Y225
1454584,Salmonella enterica subsp. enterica serovar Anatum str. USDA-ARS-USMARC-1727
1454592,Salmonella enterica subsp. enterica serovar Anatum str. CDC 06-0532
1454593,Salmonella enterica subsp. enterica serovar Anatum str. USDA-ARS-USMARC-1765
1454599,Salmonella enterica subsp. enterica serovar Montevideo str. USDA-ARS-USMARC-1900
1454601,Salmonella enterica subsp. enterica serovar Montevideo str. USDA-ARS-USMARC-1913
1454604,Salmonella enterica subsp. enterica serovar Montevideo str. USDA-ARS-USMARC-1904
1454619,Salmonella enterica subsp. enterica serovar Newport str. USDA-ARS-USMARC-1926
1454620,Salmonella enterica subsp. enterica serovar Newport str. USDA-ARS-USMARC-1927
1454621,Salmonella enterica subsp. enterica serovar Newport str. USDA-ARS-USMARC-1928
1454629,Salmonella enterica subsp. enterica serovar Newport str. CDC 2012K-0663
1454638,Salmonella enterica subsp. enterica serovar Typhimurium str. USDA-ARS-USMARC-1898
1458253,Streptococcus oralis subsp. dentisani
1458465,Megasphaera elsdenii 14-14
1460372,Mycobacteroides chelonae CCUG 47445
1463164,Klebsiella quasipneumoniae subsp. similipneumoniae
1463165,Klebsiella quasipneumoniae
1469502,Burkholderiales bacterium GJ-E10
1471761,Novibacillus thermophilus
1484158,Pantoea sp. PSNIH1
1487956,Corynebacterium sp. ATCC 6931
1498227,Shigella phage POCJ13
1499973,Escherichia marmotae
1502658,Escherichia coli O2:H6
1507806,Campylobacter fetus subsp. testudinum
1511761,Leuconostoc suionicum
1520670,[Mycobacterium] stephanolepidis
1524881,Enterobacteria phage Sf101
1528099,Lawsonella clevelandensis
1531429,Berryella intestinalis
1536770,Paenibacillus sp. FSL R5-0345
1539298,Treponema sp. OMZ 838
1560339,Enterobacter sp. E20
1561223,Mycobacterium sp. QIA-37
1562970,Fermentimonas caenicola
1563222,Citrobacter pasteurii
1564681,Carnobacterium sp. CP1
1567486,Escherichia phage P88
1572656,Ruminococcaceae bacterium CPB6
1590550,Escherichia phage RCS47
1609968,Methanobrevibacter sp. YE315
1617964,Shigella flexneri 4c
1619313,Duffyella gerundensis
1628086,Pseudomonas kribbensis
1628753,Bacillus sp. LM 4-2
1630135,Dermabacter vaginalis
1636608,Aeromonas sp. ASNIH3
1639133,Citrobacter portucalensis
1642646,Petrimonas mucosa
1643450,Devosia sp. H5989
1647458,Salmonella phage SEN22
1647465,Salmonella phage SEN4
1647466,Salmonella phage SEN5
1649239,Escherichia phage pro147
1649240,Escherichia phage pro483
1653478,Rhodococcus sp. PBTS 1
1655645,Parabacteroides phage YZ-2015b
1658672,Ottowia sp. oral taxon 894
1667168,Dermabacter jinjuensis
1667327,Klebsiella quasipneumoniae subsp. quasipneumoniae
1675036,Megasphaera hexanoica
1678128,Limnohabitans sp. 63ED37-2
1679444,Akkermansia glycaniphila
1679497,Caulobacter flavus
1679721,Herbinix luporum
1682113,Mycobacterium adipatum
1692238,Enterobacter sp. FY-07
1696072,Microbacterium sp. CGR1
1698421,Staphylococcus phage phiJB
1702043,Kocuria sp. BT304
1702170,Citrobacter sp. FDAARGOS_156
1702221,Faecalibaculum rodentium
1703250,Citrobacter sp. CRE-46
1710356,Salmonella enterica subsp. salamae serovar 57:z29:z42
1712675,Turicibacter sp. H121
1715860,Staphylococcus sp. AntiMn-1
1717717,Labilibaculum antarcticum
1723645,Rhodococcus sp. 008
1725232,Candidatus Desulfovibrio trichonymphae
1727214,Rhodococcus sp. H-CA8f
1737425,Corynebacterium provencense
1739609,Lactobacillus phage iA2
1739610,Lactobacillus phage iLp84
1747289,Enterococcus phage vB_EfaS_IME196
1750719,Kurthia sp. 11kri321
1758179,Aeromonas sp. ASNIH5
1758194,Achromobacter sp. AONIH1
1758196,Serratia sp. SSNIH1
1759399,Streptococcus sp. A12
1785995,Gemella sp. oral taxon 928
1788301,Pseudomonas versuta
1796613,Bacteroides caecimuris
1796616,Blautia pseudococcoides
1796646,Muribaculum intestinale
1805478,Olsenella timonensis
1805714,Christensenella massiliensis
1809055,Acinetobacter sp. DUT-2
1810705,Salmonella phage 118970_sal4
1812934,Enterobacter hormaechei subsp. hoffmannii
1812935,Enterobacter roggenkampii
1813182,Geobacillus sp. JS12
1813771,Salmonella phage 118970_sal3
1813821,Shigella sp. PAMC 28760
1814128,Streptococcus halotolerans
1814957,Streptococcus phage 9871
1815510,Lactobacillus phage PLE3
1815511,Lactobacillus phage PLE2
1815968,Salmonella phage SJ46
1825069,Streptococcus marmotae
1827300,Pseudomonas sp. MYb193
1827481,Enterobacter sp. ODB01
1833852,Desulforamulus ferrireducens
1834196,Lachnoclostridium sp. YL32
1834198,Hungateiclostridiaceae bacterium KB18
1834205,Burkholderiales bacterium YL45
1834207,Erysipelotrichaceae bacterium I46
1838137,Propionibacterium phage PFR1
1839799,Streptococcus sp. FDAARGOS_192
1841863,Gordonibacter massiliensis (ex Traore et al. 2017)
1842533,Acidovorax sp. RAC01
1848517,Enterobacter sp. LU1
1848580,Hafnia sp. CBA7124
1850238,Rhizorhabdus dicambivorans
1851395,Actinomyces sp. Chiba101
1852373,Murdochiella vaginalis
1852374,Ezakiella massiliensis
1852377,Actinomyces pacaensis
1853130,Pseudomonas silesiensis
1855519,Sphingobium sp. EP60837
1856406,Bacillus sp. H15-1
1858609,Acidovorax sp. T1
1868135,Enterobacter sp. HK169
1870984,Anaerococcus mediterraneensis
1871021,Lachnoclostridium phocaeense
1871025,Ndongobacter massiliensis
1871034,Vaginimicrobium propionicum
1871678,Lactococcus phage 28201
1871687,Lactococcus phage 63301
1871690,Lactococcus phage 98201
1879049,Acinetobacter sp. WCHAc010034
1886807,Pseudomonas sp. TMW 2.1634
1892404,Bacillus sp. ABP14
1898207,Clostridiales bacterium
1902136,Streptococcus sp. NPS 308
1903686,Jeotgalibaca sp. PTS2502
1904944,Stenotrophomonas sp. LM091
1905288,Klebsiella sp. LTGPAF-6F
1905730,Pectobacterium parmentieri
1911681,Salmonella enterica subsp. enterica serovar Hayindogo
1912856,Peptoniphilus sp. ING2-D1G
1912897,Blautia argi
1914525,Sphingopyxis sp. FD7
1914861,Enterobacter sp. SA187
1915310,Enterobacter cloacae complex sp. ECNIH7
1916917,Microbacterium sp. 1.5R
1920107,Aeromonas sp. ASNIH7
1920109,Enterobacteriaceae bacterium ENNIH2
1920110,Citrobacter sp. CFNIH10
1920114,Leclercia sp. LSNIH1
1920116,Leclercia sp. LSNIH3
1920128,Enterobacteriaceae bacterium ENNIH3
1920191,Delftia sp. HK171
1921510,Tardibacter chloracetimidivorans
1934254,Klebsiella sp. M5al
1935181,Shigella flexneri 1c
1944646,Phoenicibacter congonensis
1954351,Escherichia coli APEC O2-211
1961362,Sphingomonas sp. NIC1
1962118,Mycobacteroides abscessus subsp. massiliense
1972757,Klebsiella sp. PO552
1977566,Enterobacter sp. Crenshaw
1980001,Cellulosimicrobium sp. TH-20
1981499,Escherichia phage ECD7
2003188,Parolsenella catena
2005388,Pseudomonas sp. RU47
2013114,Citrobacter sp. 86
2015795,Klebsiella sp. LY
2018065,Roseomonas sp. FDAARGOS_362
2018067,Pseudomonas sp. FDAARGOS_380
2019568,Citrobacter sp. 92
2021971,Streptococcus respiraculi
2024273,Salmonella enterica subsp. enterica serovar Sundsvall
2025876,Parabacteroides sp. CT06
2026186,Bacillus paranthracis
2026240,Klebsiella quasivariicola
2026248,Bacillus sp. 1s-1
2026657,Leuconostoc mesenteroides subsp. jonggajibkimchii
2027405,Azoarcus sp. DD4
2027919,Enterobacter cloacae complex sp.
2029986,Shewanella sp. WE21
2030922,Enterococcus phage phiSHEF2
2030924,Enterococcus phage phiSHEF5
2036206,Suicoccus acidiformans
2040624,Gemella sp. ND 6198
2041044,Eubacterium maltosivorans
2044467,Escherichia sp. E4742
2044912,Staphylococcus debuckii
2048775,Escherichia coli O114:H49
2048776,Escherichia coli O128:H27
2048777,Escherichia coli O15:H11
2048778,Escherichia coli O178:H19
2048779,Escherichia coli O182:H21
2048780,Escherichia coli O25:H16
2048781,Escherichia coli O27:H7
2048898,Microbacterium sp. Y-01
2049486,Shigella flexneri 7b
2049589,Pseudomonas sp. HLS-6
2051905,Enterobacter sp. CRENT-193
2052938,Enterobacteriaceae bacterium S05
2053832,Bacillus sp. HBCD-sjtu
2060307,Enterococcus sp. FDAARGOS_375
2066049,Citrobacter freundii complex sp. CFNIH2
2066051,Enterobacteriaceae bacterium ENNIH1
2067572,Pseudomonas sp. NC02
2070197,Enterococcus phage PMBT2
2070463,Lysinibacillus sp. SGAir0095
2072025,Lysinibacillus sp. YS11
2072503,Actinoalloteichus sp. AHMU CJ021
2077136,Enterobacter cloacae complex sp. FDA-CDC-AR_0164
2077137,Enterobacter cloacae complex sp. FDA-CDC-AR_0132
2077147,Citrobacter freundii complex sp. CFNIH3
2077148,Citrobacter freundii complex sp. CFNIH4
2077149,Citrobacter freundii complex sp. CFNIH9
2079227,Arthrobacter sp. PGP41
2081702,Actinomyces sp. oral taxon 897
2081703,Peptostreptococcaceae bacterium oral taxon 929
2082188,Sphingobium sp. YG1
2083055,Pseudomonas sp. LH1G9
2086584,Massilistercora timonensis
2086585,Maliibacterium massiliense
2093856,Butyricimonas faecalis
2093857,Dysosmobacter welbionis
2094242,Victivallales bacterium CCUG 44730
2099321,[Mycobacterium] chelonae subsp. chelonae
2099788,Lactobacillus sp. CBA3605
2099789,Lactobacillus sp. CBA3606
2107999,Lactobacillus paragasseri
2108362,Lactobacillus sp. D1501
2109685,Olsenella sp. GAM18
2109687,Oscillibacter sp. PEA192
2109688,Clostridiales bacterium CCNA10
2109690,Lachnospiraceae bacterium Choco86
2109691,Lachnospiraceae bacterium GAM79
2109692,Erysipelotrichaceae bacterium GAM147
2126069,Pseudomonas sp. LBUM920
2126982,Escherichia coli O18:H1
2138084,Lactobacillus sp. Koumiss
2144175,Megasphaera stantonii
2153354,Klebsiella huaxiensis
2153484,Arthrospira sp. TJSD092
2161821,Dialister massiliensis
2169583,Pseudomonas sp. SXM-1
2219057,Pseudomonas sp. LG1E9
2219696,Sphingomonas sp. FARSPH
2259647,Raoultella sp. X13
2267618,Klebsiella sp. P1CD1
2282309,Leclercia sp. W17
2282310,Leclercia sp. W6
2320868,Clostridium manihotivorum
2339259,Yersinia hibernica
2364787,Alistipes megaguti
2382163,Streptococcus koreensis
2420301,Acinetobacter sp. FDAARGOS_494
2420305,Acinetobacter sp. FDAARGOS_560
2420306,Serratia sp. FDAARGOS_506
2420309,Streptococcus sp. FDAARGOS_521
2420310,Streptococcus sp. FDAARGOS_522
2420313,Enterococcus sp. FDAARGOS_553
2448483,Serratia sp. 3ACOL1
2479767,Blautia sp. SC05B48
2480625,Plantibacter sp. PA-3-X8
2480908,[Mycobacterium] chelonae subsp. gwanakae
2482769,Serratia sp. P2ACOL2
2485839,Serratia sp. LS-1
2485926,Atopobiaceae bacterium
2487118,Intestinibaculum porci
2487150,Phytobacter sp. MRY16-398
2488567,Klebsiella sp. FDAARGOS_511
2490633,Streptococcus periodonticum
2490853,Rhodococcus sp. NJ-530
2494234,Sutterella megalosphaeroides
2494701,Enterobacter chengduensis
2495645,Actinobaculum sp. 313
2496265,Jeotgalibaca ciconiae
2496847,Sulfuricystis thermophila
2497860,Cellulosilyticum sp. WCF-2
2499213,Bacillus sp. BD59S
2500132,Enterobacter sp. N18-03635
2500532,Paracoccus sp. Arc7-R13
2500542,Salmonella sp. SSDFZ54
2507159,Clostridium sp. JN-9
2507160,Aminipila luticellarii
2507161,Acidilutibacter cellobiosedens
2507162,Caproiciproducens sp. NJN-50
2511819,Salmonella enterica subsp. enterica serovar Brancaster
2528203,Bacteroides sp. A1C1
2529121,Citrobacter sp. ABFQG
2546350,Citrobacter arsenatis
2547601,Porphyrobacter sp. YT40
2557994,Sphingobacterium sp. CZ-2
2562449,Citrobacter tructae
2562451,Vagococcus xieshaowenii
2564099,Ruminococcus bovis
2565554,Sphingobium sp. PAMC28499
2565914,Enterobacter sp. 18A13
2566012,Citrobacter sp. CF971
2571749,Novosphingobium sp. EMRT-2
2572087,Candidatus Saccharibacteria bacterium oral taxon 955
2572088,Candidatus Nanosynbacter featherlites
2572089,TM7 phylum sp. oral taxon 952
2576356,Bacillus sp. FDAARGOS_527
2576376,Streptococcus sp. 1643
2576406,Citrobacter sp. TBCP-5362
2576606,Duncaniella sp. B8
2579935,Jejubacter calystegiae
2582419,Dialister hominis
2582830,Enterococcus sp. M190262
2583377,Saccharibacillus brassicae
2583577,Raoultella sp. NCTC 9189
2583584,Streptococcus sp. NCTC 11567
2583585,Streptococcus sp. NCTC 10228
2583822,Plantibacter sp. M259
2584943,Longibaculum sp. KGMB06250
2584944,Sutterella faecalis
2585117,Alistipes onderdonkii subsp. vulgaris
2585118,Alistipes communis
2585119,Alistipes dispar
2590785,Pseudarthrobacter sp. NIBRBAC000502770
2592065,Escherichia coli O1:H42
2592351,Carnobacterium sp. PL12RED10
2592352,Carnobacterium sp. PL26RED25
2592354,Carnobacterium sp. PL24RED07
2592382,Paenalkalicoccus suaedae
2594269,Chryseobacterium sp. SNU WT5
2594789,Lachnospiraceae bacterium KGMB03038
2597770,Pseudomonas sp. BJP69
2599308,Crassaminicella thermophila
2603296,Enterococcus sp. DA9
2605620,Escherichia coli O80:H26
46170,Staphylococcus aureus
147467,Mammaliicoccus sciuri
147452,Staphylococcus saprophyticus
1546149,Diaphorobacter nitroreducens
1226298,Lacticaseibacillus paracasei subsp. paracasei ATCC 25302 = DSM 5622 = JCM 8130
1156433,Streptococcus ilei
219334,Lacticaseibacillus casei DSM 20011 = JCM 1134 = ATCC 393
1476577,Candidatus Nanosynbacter lyticus
671223,Cutibacterium modestum
2585755,Alistipes onderdonkii subsp. vulgaris
2585756,Alistipes communis
1759437,Serratia surfactantfaciens
2213057,Stutzerimonas frequens
